Trial,Computation_Time,Input_Tokens,Output_Tokens,Total_Tokens
1,124.3328214,12902,13010,25912
2,102.5350101,12902,12819,25721
3,139.4936461,12902,14006,26908
4,415.7234128,12902,12055,24957
5,106.648421,12902,11870,24772
6,87.31455874,12902,10919,23821
7,100.5024173,12902,13110,26012
8,108.362473,12902,12613,25515
9,111.0977244,12902,14127,27029
10,86.51626277,12902,10684,23586
,138.2526748,12902,12521.3,25423.3
