Trial,Computation_Time,Input_Tokens,Output_Tokens,Total_Tokens
1,131.5780752,7430,6946,14376
2,207.1405525,7430,7350,14780
3,266.1752553,7430,7862,15292
4,104.7779787,7430,8018,15448
5,152.3178916,7430,6566,13996
6,122.7523551,7430,7997,15427
7,78.71919918,7430,7246,14676
8,223.8280449,7430,8134,15564
9,155.16,7430,7126,14983
10,192.5686595,7430,7798,15228
,163.5018012,7430,7504.3,14977
