Trial,Computation_Time,Input_Tokens,Output_Tokens,Total_Tokens
1,389.5662236,7429,18247,25676
2,347.6868105,7429,18843,26272
3,388.6406138,7429,20225,27654
4,361.9350581,7429,17675,25104
5,349.9897914,7429,17496,24925
6,307.857837,7429,15177,22606
7,280.5618792,7429,15526,22955
8,373.5413582,7429,18610,26039
9,333.8749142,7429,15592,23021
10,382.6621437,7429,19862,27291
,351.631663,7429,17725.3,25154.3
